review_score,avg_delivery
1,19.561191433650325
2,15.842320769570545
3,14.019107689148367
4,12.239767197036201
5,10.671155165709349
